{
    "ROI Name": "Brain",
    "original_shape_Elongation": 0.8669202011279025,
    "original_shape_Flatness": 0.4195954560161778,
    "original_shape_LeastAxisLength": 79.48899042477039,
    "original_shape_MajorAxisLength": 189.44197151102045,
    "original_shape_Maximum2DDiameterColumn": 183.3303030052588,
    "original_shape_Maximum2DDiameterRow": 211.463944917331,
    "original_shape_Maximum2DDiameterSlice": 214.57399656062708,
    "original_shape_Maximum3DDiameter": 215.56669501571898,
    "original_shape_MeshVolume": 1398378.6666666667,
    "original_shape_MinorAxisLength": 164.23107204440024,
    "original_shape_Sphericity": 0.22364465617052817,
    "original_shape_SurfaceArea": 270401.31059945736,
    "original_shape_SurfaceVolumeRatio": 0.19336773153441797,
    "original_shape_VoxelVolume": 1399176.0,
    "original_firstorder_10Percentile": 1013.0,
    "original_firstorder_90Percentile": 1060.0,
    "original_firstorder_Energy": 1503916948949.0,
    "original_firstorder_Entropy": 1.7737546325296447,
    "original_firstorder_InterquartileRange": 24.0,
    "original_firstorder_Kurtosis": 971.2702836873799,
    "original_firstorder_Maximum": 2953.0,
    "original_firstorder_MeanAbsoluteDeviation": 15.336586657303807,
    "original_firstorder_Mean": 1036.4162342693128,
    "original_firstorder_Median": 1035.0,
    "original_firstorder_Minimum": 190.0,
    "original_firstorder_Range": 2763.0,
    "original_firstorder_RobustMeanAbsoluteDeviation": 9.984147652819535,
    "original_firstorder_RootMeanSquared": 1036.7540804922614,
    "original_firstorder_Skewness": 18.766748342861188,
    "original_firstorder_TotalEnergy": 1503916948949.0,
    "original_firstorder_Uniformity": 0.3634018237636076,
    "original_firstorder_Variance": 700.4127603711514,
    "original_glcm_Autocorrelation": 1221.7211833335346,
    "original_glcm_ClusterProminence": 10863.100455349691,
    "original_glcm_ClusterShade": 106.11117117401646,
    "original_glcm_ClusterTendency": 3.0324297238217426,
    "original_glcm_Contrast": 0.9017033645113368,
    "original_glcm_Correlation": 0.529329038067237,
    "original_glcm_DifferenceAverage": 0.611969177477694,
    "original_glcm_DifferenceEntropy": 1.3306787473644293,
    "original_glcm_DifferenceVariance": 0.5245153793898365,
    "original_glcm_Id": 0.7226919377445842,
    "original_glcm_Idm": 0.7132824867903623,
    "original_glcm_Idmn": 0.9999290051363428,
    "original_glcm_Idn": 0.9946048752798345,
    "original_glcm_Imc1": -0.08549944077611493,
    "original_glcm_Imc2": 0.49216937230494306,
    "original_glcm_InverseVariance": 0.47638861462653137,
    "original_glcm_JointAverage": 34.94550685531111,
    "original_glcm_JointEnergy": 0.15374494736522784,
    "original_glcm_JointEntropy": 3.3010534057551157,
    "original_glcm_MCC": 0.9781538350772462,
    "original_glcm_MaximumProbability": 0.30666728053497777,
    "original_glcm_SumAverage": 69.89101371062219,
    "original_glcm_SumEntropy": 2.448695833154965,
    "original_glcm_SumSquares": 0.9835332720832698,
    "original_glrlm_GrayLevelNonUniformity": 236274.0529433863,
    "original_glrlm_GrayLevelNonUniformityNormalized": 0.30135806661375014,
    "original_glrlm_GrayLevelVariance": 1.8111984422507896,
    "original_glrlm_HighGrayLevelRunEmphasis": 1227.4837929752935,
    "original_glrlm_LongRunEmphasis": 5.216536551947728,
    "original_glrlm_LongRunHighGrayLevelEmphasis": 6378.804275970129,
    "original_glrlm_LongRunLowGrayLevelEmphasis": 0.004276035843167391,
    "original_glrlm_LowGrayLevelRunEmphasis": 0.0008206970287644432,
    "original_glrlm_RunEntropy": 3.6702795216321955,
    "original_glrlm_RunLengthNonUniformity": 335805.6173349894,
    "original_glrlm_RunLengthNonUniformityNormalized": 0.4248630790101871,
    "original_glrlm_RunPercentage": 0.5601349541554348,
    "original_glrlm_RunVariance": 1.9611215987081816,
    "original_glrlm_ShortRunEmphasis": 0.6727581560609069,
    "original_glrlm_ShortRunHighGrayLevelEmphasis": 828.0860236105485,
    "original_glrlm_ShortRunLowGrayLevelEmphasis": 0.0005520792985428167,
    "original_glszm_GrayLevelNonUniformity": 7683.128875707738,
    "original_glszm_GrayLevelNonUniformityNormalized": 0.2071482576356899,
    "original_glszm_GrayLevelVariance": 17.790665434489615,
    "original_glszm_HighGrayLevelZoneEmphasis": 1297.6475599892153,
    "original_glszm_LargeAreaEmphasis": 5568720.806632515,
    "original_glszm_LargeAreaHighGrayLevelEmphasis": 6779254300.15794,
    "original_glszm_LargeAreaLowGrayLevelEmphasis": 4577.5345738253145,
    "original_glszm_LowGrayLevelZoneEmphasis": 0.000839800222193661,
    "original_glszm_SizeZoneNonUniformity": 13249.554489080614,
    "original_glszm_SizeZoneNonUniformityNormalized": 0.35722713640012443,
    "original_glszm_SmallAreaEmphasis": 0.6193147258266279,
    "original_glszm_SmallAreaHighGrayLevelEmphasis": 813.6890304816826,
    "original_glszm_SmallAreaLowGrayLevelEmphasis": 0.0005295999480482928,
    "original_glszm_ZoneEntropy": 4.973385496893929,
    "original_glszm_ZonePercentage": 0.026508459264595732,
    "original_glszm_ZoneVariance": 5567297.721021259,
    "original_gldm_DependenceEntropy": 5.857117155886179,
    "original_gldm_DependenceNonUniformity": 70506.96967214989,
    "original_gldm_DependenceNonUniformityNormalized": 0.05039178035654549,
    "original_gldm_DependenceVariance": 29.289427925662995,
    "original_gldm_GrayLevelNonUniformity": 508463.1101662693,
    "original_gldm_GrayLevelVariance": 1.2029864786962758,
    "original_gldm_HighGrayLevelEmphasis": 1224.6375652526915,
    "original_gldm_LargeDependenceEmphasis": 183.9557410933292,
    "original_gldm_LargeDependenceHighGrayLevelEmphasis": 224688.40369474606,
    "original_gldm_LargeDependenceLowGrayLevelEmphasis": 0.15076955135705156,
    "original_gldm_LowGrayLevelEmphasis": 0.000820449033325775,
    "original_gldm_SmallDependenceEmphasis": 0.033183561598353416,
    "original_gldm_SmallDependenceHighGrayLevelEmphasis": 42.40342682445136,
    "original_gldm_SmallDependenceLowGrayLevelEmphasis": 2.7678386120940944e-05,
    "original_ngtdm_Busyness": 27.23708069286398,
    "original_ngtdm_Coarseness": 5.232482638913478e-06,
    "original_ngtdm_Complexity": 3260.693906990136,
    "original_ngtdm_Contrast": 0.00011253882603829943,
    "original_ngtdm_Strength": 0.4524042607173468
}