{
    "ROI Name": "BODY",
    "units": "GY",
    "D0": 74.73000000000133,
    "D100": 0.0,
    "D50": 4.41999999999995,
    "mean": 10.504937945597998,
    "V0.5cc": 3577.54951219606
}