{
    "ROI Name": "BrainStem",
    "units": "GY",
    "D0": 37.920000000001025,
    "D100": 1.5700000000000012,
    "D50": 6.589999999999904,
    "mean": 8.073935016074667,
    "V0.5cc": 24.6828711857814
}