{
    "ROI Name": "Brain",
    "units": "GY",
    "D0": 74.63000000000127,
    "D100": 0.7300000000000004,
    "D50": 13.449999999999758,
    "mean": 22.633741269739172,
    "V0.5cc": 1270.50192021375
}