{
    "ROI Name": "Brain-PTV",
    "units": "GY",
    "D0": 68.06999999999792,
    "D100": 0.7300000000000004,
    "D50": 11.4499999999998,
    "mean": 15.249880267980094,
    "V0.5cc": 1078.27117795716
}