{
    "ROI Name": "Chiasm",
    "units": "GY",
    "D0": 25.670000000001213,
    "D100": 3.2199999999999753,
    "D50": 10.97999999999981,
    "mean": 11.905644510230077,
    "V0.5cc": 0.5979444272301
}