{
    "ROI Name": "CTV_20 mm",
    "units": "GY",
    "D0": 74.63000000000127,
    "D100": 47.0999999999992,
    "D50": 64.36999999999603,
    "mean": 64.34469406354704,
    "V0.5cc": 169.275454027487
}