{
    "ROI Name": "Eye_R",
    "units": "GY",
    "D0": 6.539999999999905,
    "D100": 2.07,
    "D50": 2.8899999999999824,
    "mean": 3.1742882930453367,
    "V0.5cc": 9.14460979954108
}