{
    "ROI Name": "Eye_L",
    "units": "GY",
    "D0": 5.099999999999936,
    "D100": 0.8000000000000005,
    "D50": 1.270000000000001,
    "mean": 1.7741703382182303,
    "V0.5cc": 9.14982276840401
}