{
    "ROI Name": "GTV_FLAIR",
    "units": "GY",
    "D0": 71.19999999999952,
    "D100": 55.38999999999755,
    "D50": 64.65999999999617,
    "mean": 64.72588224020664,
    "V0.5cc": 20.8523904101018
}