{
    "ROI Name": "Lens_R",
    "units": "GY",
    "D0": 3.5799999999999677,
    "D100": 0.0,
    "D50": 2.3199999999999945,
    "mean": 2.387986192273429,
    "V0.5cc": 1.55018110572697
}