{
    "ROI Name": "Lens_L",
    "units": "GY",
    "D0": 3.5999999999999672,
    "D100": 0.0,
    "D50": 1.1900000000000008,
    "mean": 1.5065477986823226,
    "V0.5cc": 1.74933192230384
}