{
    "ROI Name": "OpticNerve_L",
    "units": "GY",
    "D0": 4.249999999999954,
    "D100": 1.270000000000001,
    "D50": 1.6000000000000012,
    "mean": 1.7429748206193434,
    "V0.5cc": 0.56168308745862
}