{
    "ROI Name": "OpticNerve_R",
    "units": "GY",
    "D0": 12.359999999999781,
    "D100": 4.459999999999949,
    "D50": 9.049999999999851,
    "mean": 8.681461812008783,
    "V0.5cc": 0.61328087638374
}