{
    "ROI Name": "PTV",
    "units": "GY",
    "D0": 74.63000000000127,
    "D100": 44.86999999999964,
    "D50": 64.14999999999591,
    "mean": 64.05078421540071,
    "V0.5cc": 191.93152516635
}