{
    "ROI Name": "BODY",
    "units": "GY",
    "D0": 74.78000000000135,
    "D100": 0.0,
    "D50": 2.0000000000000013,
    "mean": 12.478146303650034,
    "V0.5cc": 13118.5072209096
}